ID;code;Perioden;TotaleOppervlakte_1;Woonterrein_7;TerreinVoorDetailhandelEnHoreca_8;TerreinVoorOpenbareVoorzieningen_9;TerreinVoorSociaalCultureleVoorz_10;TotaalAgrarischTerrein_25;IJsselmeerMarkermeer_33;TotaalBuitenwater_42
7;NL01;2015JJ00;4154303;235839;11437;11823;16093;2236317;183138;415264
15;LD01;2015JJ00;1138884;33930;1464;1631;2188;630879;45767;230068
23;LD02;2015JJ00;1096935;53970;2483;2935;4016;634883;84763;
31;LD03;2015JJ00;1189328;88330;5052;4124;5923;536710;52608;185196
39;LD04;2015JJ00;729156;59608;2437;3133;3967;433845;;
47;PV20;2015JJ00;295964;11058;464;586;768;187007;;55409
55;PV21;2015JJ00;574877;12218;573;398;680;257646;45767;174659
63;PV22;2015JJ00;268043;10654;428;647;740;186226;;
71;PV23;2015JJ00;342074;17217;884;559;1108;237910;;
79;PV24;2015JJ00;241231;5583;250;409;429;98530;84763;
87;PV25;2015JJ00;513630;31170;1349;1967;2479;298443;;
95;PV26;2015JJ00;144913;15356;770;969;1426;80572;;
103;PV27;2015JJ00;409193;30307;1889;1571;1875;156968;52608;68301
111;PV28;2015JJ00;341878;35465;2023;1254;2344;162858;;16445
119;PV29;2015JJ00;293344;7202;370;329;278;136312;;100450
127;PV30;2015JJ00;508206;39666;1659;2138;2594;304515;;
135;PV31;2015JJ00;220951;19942;777;995;1373;129331;;
143;CR01;2015JJ00;90706;3843;118;106;203;67291;;5543
151;CR02;2015JJ00;36407;1082;47;25;86;22473;;9145
159;CR03;2015JJ00;168852;6133;299;455;479;97244;;40721
167;CR04;2015JJ00;335441;6074;237;282;358;113389;;174013
175;CR05;2015JJ00;138783;2535;142;53;106;68600;45767;645
183;CR06;2015JJ00;100654;3609;194;63;216;75657;;
191;CR07;2015JJ00;106122;4185;146;366;429;71682;;
199;CR08;2015JJ00;92384;4187;159;173;146;67781;;
207;CR09;2015JJ00;69536;2282;122;108;164;46762;;
215;CR10;2015JJ00;149198;5266;273;250;371;105191;;
223;CR11;2015JJ00;42499;2112;93;74;187;32029;;
231;CR12;2015JJ00;150377;9839;518;235;549;100690;;
239;CR13;2015JJ00;186043;10057;479;1127;1031;77514;;
247;CR14;2015JJ00;156108;6716;303;217;429;118726;;
255;CR15;2015JJ00;95892;10675;440;508;851;47275;;
263;CR16;2015JJ00;75587;3721;127;115;169;54929;;
271;CR17;2015JJ00;144913;15356;770;969;1426;80572;;
279;CR18;2015JJ00;214168;5889;329;547;244;83731;39866;62372
287;CR19;2015JJ00;32361;3554;211;119;234;16258;;2036
295;CR20;2015JJ00;19763;2264;169;220;131;5170;;2397
303;CR21;2015JJ00;15212;2505;115;75;231;2152;;1495
311;CR22;2015JJ00;12841;1719;125;33;88;6836;;
319;CR23;2015JJ00;87509;10507;804;419;697;36053;10631;
327;CR24;2015JJ00;27338;3870;136;159;250;6767;2111;
335;CR25;2015JJ00;31836;4322;239;105;482;14800;;2041
343;CR26;2015JJ00;28631;7069;505;242;492;6097;;2210
351;CR27;2015JJ00;16418;1996;144;87;188;8801;;735
359;CR28;2015JJ00;52112;3620;143;112;204;36690;;
367;CR29;2015JJ00;161601;13884;815;584;746;64571;;11458
375;CR30;2015JJ00;51280;4574;178;124;232;31899;;
383;CR31;2015JJ00;87674;2339;132;105;78;59484;;12799
391;CR32;2015JJ00;205670;4863;237;224;200;76828;;87651
399;CR33;2015JJ00;130308;9387;459;606;576;79366;;
407;CR34;2015JJ00;93335;6882;304;410;461;56317;;
415;CR35;2015JJ00;138796;10482;366;498;804;92450;;
423;CR36;2015JJ00;145766;12915;530;624;754;76382;;
431;CR37;2015JJ00;85415;4840;178;372;429;51525;;
439;CR38;2015JJ00;69480;4713;187;313;304;41655;;
447;CR39;2015JJ00;66056;10389;412;310;640;36150;;
455;CR40;2015JJ00;241231;5583;250;409;429;98530;84763;
463;SG00;2015JJ00;;;;;;;;
471;SG01;2015JJ00;;;;;;;;
479;SG02;2015JJ00;;;;;;;;
487;SG03;2015JJ00;;;;;;;;
495;SG04;2015JJ00;;;;;;;;
503;SG05;2015JJ00;;;;;;;;
511;SG06;2015JJ00;;;;;;;;
519;SG07;2015JJ00;;;;;;;;
527;SG08;2015JJ00;;;;;;;;
535;SG09;2015JJ00;;;;;;;;
543;SG10;2015JJ00;;;;;;;;
551;SG11;2015JJ00;;;;;;;;
559;SG12;2015JJ00;;;;;;;;
567;SG13;2015JJ00;;;;;;;;
575;SG14;2015JJ00;;;;;;;;
583;SG15;2015JJ00;;;;;;;;
591;SG16;2015JJ00;;;;;;;;
599;SG17;2015JJ00;;;;;;;;
607;SG18;2015JJ00;;;;;;;;
615;SG19;2015JJ00;;;;;;;;
623;SG20;2015JJ00;;;;;;;;
631;SG21;2015JJ00;;;;;;;;
639;SG22;2015JJ00;;;;;;;;
647;GA00;2015JJ00;;;;;;;;
655;GA01;2015JJ00;;;;;;;;
663;GA02;2015JJ00;;;;;;;;
671;GA03;2015JJ00;;;;;;;;
679;GA04;2015JJ00;;;;;;;;
687;GA05;2015JJ00;;;;;;;;
695;GA06;2015JJ00;;;;;;;;
703;GA07;2015JJ00;;;;;;;;
711;GA08;2015JJ00;;;;;;;;
719;GA09;2015JJ00;;;;;;;;
727;GA10;2015JJ00;;;;;;;;
735;GA11;2015JJ00;;;;;;;;
743;GA12;2015JJ00;;;;;;;;
751;GA13;2015JJ00;;;;;;;;
759;GA14;2015JJ00;;;;;;;;
767;GA15;2015JJ00;;;;;;;;
775;GA16;2015JJ00;;;;;;;;
783;GA17;2015JJ00;;;;;;;;
791;GA18;2015JJ00;;;;;;;;
799;GA19;2015JJ00;;;;;;;;
807;GA20;2015JJ00;;;;;;;;
815;GA21;2015JJ00;;;;;;;;
823;GA22;2015JJ00;;;;;;;;
831;GM1680;2015JJ00;27888;751;13;18;79;18751;;
839;GM0738;2015JJ00;5317;231;6;9;4;4335;;
847;GM0358;2015JJ00;3229;455;30;17;21;799;;
855;GM0197;2015JJ00;9705;470;25;7;19;8063;;
863;GM0480;2015JJ00;;;;;;;;
871;GM0739;2015JJ00;;;;;;;;
879;GM0305;2015JJ00;;;;;;;;
887;GM0059;2015JJ00;10398;638;21;9;18;8554;;
895;GM0360;2015JJ00;;;;;;;;
903;GM0482;2015JJ00;1006;221;6;2;1;299;;
911;GM0613;2015JJ00;2376;323;10;17;49;1076;;
919;GM0483;2015JJ00;;;;;;;;
927;GM0361;2015JJ00;11735;1250;89;86;79;7829;;
935;GM0141;2015JJ00;6941;1121;72;32;89;3472;;
943;GM0034;2015JJ00;24877;2358;105;32;124;3241;10056;
951;GM0484;2015JJ00;13250;1142;53;37;82;9223;;
959;GM0741;2015JJ00;;;;;;;;
967;GM1723;2015JJ00;9352;180;9;91;0;6552;;
975;GM0142;2015JJ00;;;;;;;;
983;GM1679;2015JJ00;;;;;;;;
991;GM0060;2015JJ00;26850;123;6;9;2;1975;;20863
999;GM0306;2015JJ00;;;;;;;;
1007;GM0307;2015JJ00;6386;1782;93;142;207;1945;;
1015;GM0198;2015JJ00;;;;;;;;
1023;GM0362;2015JJ00;4408;949;49;16;62;1595;;
1031;GM0363;2015JJ00;21949;4492;473;197;380;2711;2291;
1039;GM0364;2015JJ00;;;;;;;;
1047;GM0199;2015JJ00;;;;;;;;
1055;GM0105;2015JJ00;;;;;;;;
1063;GM0366;2015JJ00;;;;;;;;
1071;GM0200;2015JJ00;34115;2420;129;230;309;8323;;
1079;GM0003;2015JJ00;2458;222;20;3;17;1783;;
1087;GM0885;2015JJ00;;;;;;;;
1095;GM0649;2015JJ00;;;;;;;;
1103;GM0202;2015JJ00;10154;1793;95;263;214;1593;;
1111;GM0106;2015JJ00;8345;1166;65;114;159;3874;;
1119;GM0743;2015JJ00;7134;300;12;5;13;4598;;
1127;GM0143;2015JJ00;;;;;;;;
1135;GM0650;2015JJ00;;;;;;;;
1143;GM0744;2015JJ00;7629;91;16;39;10;6273;;
1151;GM0308;2015JJ00;3301;399;15;37;94;762;;
1159;GM0745;2015JJ00;;;;;;;;
1167;GM0489;2015JJ00;2173;618;43;6;22;320;;
1175;GM0203;2015JJ00;17666;715;35;220;61;9566;;
1183;GM0144;2015JJ00;;;;;;;;
1191;GM0005;2015JJ00;4496;206;7;3;8;3896;;
1199;GM0888;2015JJ00;2103;338;9;4;0;1284;;
1207;GM0746;2015JJ00;;;;;;;;
1215;GM0370;2015JJ00;7207;125;10;30;6;6478;;
1223;GM0889;2015JJ00;2915;266;5;0;4;1814;;
1231;GM0107;2015JJ00;;;;;;;;
1239;GM0890;2015JJ00;;;;;;;;
1247;GM0007;2015JJ00;11009;299;2;3;11;9561;;
1255;GM0206;2015JJ00;;;;;;;;
1263;GM0372;2015JJ00;;;;;;;;
1271;GM0491;2015JJ00;;;;;;;;
1279;GM1724;2015JJ00;10175;483;4;2;5;6168;;
1287;GM0893;2015JJ00;10850;258;10;2;4;5572;;
1295;GM0373;2015JJ00;12023;638;30;8;77;4170;;2036
1303;GM0748;2015JJ00;9313;918;54;23;82;3312;;
1311;GM0749;2015JJ00;;;;;;;;
1319;GM0207;2015JJ00;;;;;;;;
1327;GM0492;2015JJ00;;;;;;;;
1335;GM0493;2015JJ00;;;;;;;;
1343;GM0751;2015JJ00;;;;;;;;
1351;GM1859;2015JJ00;26053;757;31;37;46;21313;;
1359;GM1721;2015JJ00;9041;530;12;41;15;6612;;
1367;GM0568;2015JJ00;;;;;;;;
1375;GM0753;2015JJ00;3510;478;20;7;28;1504;;
1383;GM0209;2015JJ00;4709;435;25;30;4;3052;;
1391;GM0375;2015JJ00;2009;400;89;10;23;384;;118
1399;GM0063;2015JJ00;11648;230;5;3;14;8257;;2160
1407;GM0310;2015JJ00;6713;851;32;69;81;3425;;
1415;GM0585;2015JJ00;7557;474;13;52;6;5401;;
1423;GM1728;2015JJ00;7562;406;12;14;12;4246;;
1431;GM0754;2015JJ00;;;;;;;;
1439;GM0376;2015JJ00;1556;312;7;5;9;329;;
1447;GM0495;2015JJ00;;;;;;;;
1455;GM0377;2015JJ00;4523;570;6;15;76;425;;472
1463;GM0055;2015JJ00;;;;;;;;
1471;GM0497;2015JJ00;;;;;;;;
1479;GM1901;2015JJ00;8864;407;10;11;6;6294;;
1487;GM0755;2015JJ00;3452;168;5;0;22;2920;;
1495;GM0009;2015JJ00;4573;179;3;15;3;4110;;
1503;GM0064;2015JJ00;;;;;;;;
1511;GM0211;2015JJ00;;;;;;;;
1519;GM0108;2015JJ00;;;;;;;;
1527;GM1681;2015JJ00;27789;814;13;57;13;21283;;
1535;GM0897;2015JJ00;;;;;;;;
1543;GM0147;2015JJ00;2616;377;11;4;22;1614;;
1551;GM0654;2015JJ00;19452;429;2;59;2;11667;;5179
1559;GM0499;2015JJ00;;;;;;;;
1567;GM0756;2015JJ00;11384;540;11;29;40;8089;;
1575;GM0757;2015JJ00;6485;476;20;9;48;3553;;
1583;GM0212;2015JJ00;;;;;;;;
1591;GM0758;2015JJ00;12868;2338;151;65;197;5620;;
1599;GM0194;2015JJ00;;;;;;;;
1607;GM0311;2015JJ00;;;;;;;;
1615;GM0501;2015JJ00;3114;211;10;0;26;1883;;
1623;GM0898;2015JJ00;;;;;;;;
1631;GM1876;2015JJ00;28642;605;14;27;12;22758;;
1639;GM0656;2015JJ00;;;;;;;;
1647;GM0657;2015JJ00;;;;;;;;
1655;GM0213;2015JJ00;8501;382;21;12;16;5749;;
1663;GM0899;2015JJ00;1734;503;18;73;34;150;;
1671;GM0759;2015JJ00;;;;;;;;
1679;GM0312;2015JJ00;3757;228;16;33;10;2852;;
1687;GM0313;2015JJ00;3481;276;9;3;1;2435;;
1695;GM0214;2015JJ00;14292;415;0;11;2;11514;;
1703;GM0381;2015JJ00;815;457;22;23;25;41;;
1711;GM0502;2015JJ00;1540;654;25;27;35;63;;
1719;GM0383;2015JJ00;6040;527;20;63;49;2319;;517
1727;GM0760;2015JJ00;;;;;;;;
1735;GM0109;2015JJ00;29969;842;16;61;35;22950;;
1743;GM1706;2015JJ00;7805;506;7;104;12;3713;;
1751;GM0611;2015JJ00;7033;180;8;5;3;4599;;
1759;GM1684;2015JJ00;5707;421;18;13;9;3685;;
1767;GM0216;2015JJ00;3114;344;17;12;27;1839;;
1775;GM0110;2015JJ00;;;;;;;;
1783;GM0148;2015JJ00;16652;478;21;3;6;13430;;
1791;GM0065;2015JJ00;;;;;;;;
1799;GM1891;2015JJ00;8753;454;9;8;21;7049;;
1807;GM0503;2015JJ00;2406;739;75;36;128;200;;
1815;GM0010;2015JJ00;22750;598;26;22;62;10392;;9145
1823;GM0149;2015JJ00;;;;;;;;
1831;GM0762;2015JJ00;11836;622;24;4;35;7505;;
1839;GM0150;2015JJ00;13433;1251;57;59;120;8474;;
1847;GM0218;2015JJ00;;;;;;;;
1855;GM0384;2015JJ00;1404;213;6;50;20;212;112;
1863;GM0151;2015JJ00;;;;;;;;
1871;GM0152;2015JJ00;;;;;;;;
1879;GM0763;2015JJ00;;;;;;;;
1887;GM0111;2015JJ00;;;;;;;;
1895;GM1774;2015JJ00;17683;454;34;7;12;14268;;
1903;GM0764;2015JJ00;;;;;;;;
1911;GM0219;2015JJ00;;;;;;;;
1919;GM0504;2015JJ00;;;;;;;;
1927;GM0220;2015JJ00;;;;;;;;
1935;GM0221;2015JJ00;1296;177;5;0;8;737;;
1943;GM0222;2015JJ00;7966;927;58;21;82;4968;;
1951;GM0660;2015JJ00;;;;;;;;
1959;GM0766;2015JJ00;2974;410;12;0;28;2013;;
1967;GM0058;2015JJ00;26692;495;21;12;29;14011;;8898
1975;GM0315;2015JJ00;;;;;;;;
1983;GM0505;2015JJ00;9947;1225;54;49;109;2785;;
1991;GM0498;2015JJ00;8059;329;7;0;1;5082;2105;
1999;GM0316;2015JJ00;;;;;;;;
2007;GM1719;2015JJ00;11943;457;6;35;9;6747;;
2015;GM0303;2015JJ00;42389;663;27;25;73;26451;3261;
2023;GM0767;2015JJ00;;;;;;;;
2031;GM0225;2015JJ00;4246;314;14;11;23;2734;;
2039;GM0662;2015JJ00;;;;;;;;
2047;GM0226;2015JJ00;3519;401;11;27;6;2309;;
2055;GM0769;2015JJ00;;;;;;;;
2063;GM0112;2015JJ00;;;;;;;;
2071;GM0902;2015JJ00;;;;;;;;
2079;GM0227;2015JJ00;;;;;;;;
2087;GM1711;2015JJ00;10462;746;21;24;52;7113;;
2095;GM0385;2015JJ00;2478;364;16;3;3;942;771;
2103;GM0228;2015JJ00;31862;1412;70;213;150;10976;;
2111;GM0113;2015JJ00;;;;;;;;
2119;GM0317;2015JJ00;3370;154;9;4;0;2546;;
2127;GM1651;2015JJ00;54335;429;5;153;16;15363;;35239
2135;GM0770;2015JJ00;8333;403;14;6;21;5047;;
2143;GM0357;2015JJ00;;;;;;;;
2151;GM0229;2015JJ00;;;;;;;;
2159;GM0905;2015JJ00;;;;;;;;
2167;GM1903;2015JJ00;7841;489;5;3;34;6096;;
2175;GM0772;2015JJ00;8887;2889;151;109;329;1258;;
2183;GM0230;2015JJ00;6591;346;21;146;16;2963;;
2191;GM0231;2015JJ00;;;;;;;;
2199;GM0114;2015JJ00;34626;2531;131;54;98;23549;;
2207;GM0388;2015JJ00;11625;216;16;3;14;677;10281;
2215;GM0153;2015JJ00;14272;2078;101;53;206;6913;;
2223;GM0232;2015JJ00;15737;639;27;27;21;6837;;
2231;GM0233;2015JJ00;8733;453;20;93;137;2005;;
2239;GM0777;2015JJ00;5592;620;27;5;41;3829;;
2247;GM0068;2015JJ00;;;;;;;;
2255;GM1722;2015JJ00;13318;185;0;5;2;7963;;3203
2263;GM0778;2015JJ00;;;;;;;;
2271;GM0070;2015JJ00;10917;378;17;12;36;9166;;488
2279;GM1921;2015JJ00;54910;1020;53;23;29;29262;13123;
2287;GM0653;2015JJ00;;;;;;;;
2295;GM0115;2015JJ00;;;;;;;;
2303;GM0779;2015JJ00;2964;350;16;74;20;1574;;
2311;GM0236;2015JJ00;10173;502;7;10;26;7786;;
2319;GM0781;2015JJ00;;;;;;;;
2327;GM1771;2015JJ00;3139;684;25;12;27;1040;;
2335;GM0906;2015JJ00;;;;;;;;
2343;GM0782;2015JJ00;;;;;;;;
2351;GM1652;2015JJ00;12334;542;14;22;38;7821;;
2359;GM0237;2015JJ00;;;;;;;;
2367;GM0238;2015JJ00;;;;;;;;
2375;GM0154;2015JJ00;;;;;;;;
2383;GM0907;2015JJ00;5042;337;7;6;91;3197;;
2391;GM0689;2015JJ00;6511;193;1;9;0;5684;;
2399;GM0116;2015JJ00;;;;;;;;
2407;GM0784;2015JJ00;6566;392;20;62;40;3694;;
2415;GM0511;2015JJ00;;;;;;;;
2423;GM1924;2015JJ00;42235;766;29;35;43;18285;;4456
2431;GM0664;2015JJ00;10192;635;42;4;67;6893;;312
2439;GM0785;2015JJ00;4235;389;10;2;21;2382;;
2447;GM0156;2015JJ00;;;;;;;;
2455;GM0512;2015JJ00;2193;389;26;4;40;735;;
2463;GM0239;2015JJ00;;;;;;;;
2471;GM0513;2015JJ00;1811;683;30;22;59;308;;
2479;GM0693;2015JJ00;;;;;;;;
2487;GM0365;2015JJ00;;;;;;;;
2495;GM0157;2015JJ00;;;;;;;;
2503;GM0786;2015JJ00;2803;210;7;9;38;2041;;
2511;GM0390;2015JJ00;;;;;;;;
2519;GM0517;2015JJ00;;;;;;;;
2527;GM0518;2015JJ00;9813;3477;286;163;259;164;;1260
2535;GM0787;2015JJ00;;;;;;;;
2543;GM0519;2015JJ00;;;;;;;;
2551;GM0240;2015JJ00;;;;;;;;
2559;GM0241;2015JJ00;9331;642;16;7;76;4967;;
2567;GM0014;2015JJ00;8375;1903;169;78;226;2783;;
2575;GM0015;2015JJ00;8774;255;8;12;7;7888;;
2583;GM0912;2015JJ00;;;;;;;;
2591;GM0913;2015JJ00;;;;;;;;
2599;GM1729;2015JJ00;7336;253;7;4;18;5859;;
2607;GM0158;2015JJ00;10550;406;23;5;10;7169;;
2615;GM0788;2015JJ00;5856;268;1;10;53;4165;;
2623;GM0392;2015JJ00;3209;1261;82;38;80;418;;
2631;GM0393;2015JJ00;2119;76;1;4;2;1148;;
2639;GM0394;2015JJ00;18513;1856;128;67;135;10479;;
2647;GM0914;2015JJ00;;;;;;;;
2655;GM1655;2015JJ00;7521;489;19;6;30;5789;;
2663;GM0789;2015JJ00;;;;;;;;
2671;GM0159;2015JJ00;;;;;;;;
2679;GM0160;2015JJ00;31715;993;49;26;91;25449;;
2687;GM0243;2015JJ00;4827;617;22;20;90;867;;
2695;GM0523;2015JJ00;1935;225;4;6;8;1069;;
2703;GM0017;2015JJ00;5073;459;14;23;67;2786;;
2711;GM0395;2015JJ00;;;;;;;;
2719;GM0072;2015JJ00;38767;263;23;21;19;1676;;36183
2727;GM0318;2015JJ00;;;;;;;;
2735;GM0161;2015JJ00;;;;;;;;
2743;GM0244;2015JJ00;2416;245;8;5;7;1253;;
2751;GM0117;2015JJ00;;;;;;;;
2759;GM0245;2015JJ00;;;;;;;;
2767;GM1937;2015JJ00;;;;;;;;
2775;GM0396;2015JJ00;3168;450;18;63;28;666;;392
2783;GM0397;2015JJ00;964;387;12;16;54;151;;
2791;GM0246;2015JJ00;8042;317;16;2;18;3909;;
2799;GM0074;2015JJ00;19816;958;49;19;62;14602;;
2807;GM0247;2015JJ00;;;;;;;;
2815;GM0398;2015JJ00;3999;729;55;15;45;2111;;
2823;GM0526;2015JJ00;;;;;;;;
2831;GM0917;2015JJ00;4553;1429;108;26;127;766;;
2839;GM0793;2015JJ00;;;;;;;;
2847;GM1658;2015JJ00;10504;383;9;1;54;4415;;
2855;GM0399;2015JJ00;1901;406;12;8;30;966;;
2863;GM0162;2015JJ00;;;;;;;;
2871;GM0918;2015JJ00;;;;;;;;
2879;GM0400;2015JJ00;17880;747;55;265;95;1715;;13135
2887;GM0163;2015JJ00;13899;616;37;21;21;8135;;
2895;GM0530;2015JJ00;4627;536;31;14;20;1817;;112
2903;GM0794;2015JJ00;5475;1337;58;26;61;1496;;
2911;GM0531;2015JJ00;1190;333;11;9;1;324;;
2919;GM0248;2015JJ00;;;;;;;;
2927;GM0164;2015JJ00;6183;1268;89;33;65;2519;;
2935;GM0796;2015JJ00;11807;1958;84;97;193;5482;;
2943;GM0251;2015JJ00;;;;;;;;
2951;GM0252;2015JJ00;4154;299;10;13;6;2348;;
2959;GM0797;2015JJ00;8122;796;20;13;15;4685;;
2967;GM0920;2015JJ00;;;;;;;;
2975;GM0534;2015JJ00;1347;246;12;1;11;748;;
2983;GM0798;2015JJ00;9651;278;4;12;9;5670;;
2991;GM0402;2015JJ00;4635;1138;48;57;125;595;;
2999;GM0253;2015JJ00;;;;;;;;
3007;GM0799;2015JJ00;;;;;;;;
3015;GM1735;2015JJ00;21541;627;28;36;27;15676;;
3023;GM1911;2015JJ00;66220;891;27;39;8;31591;10969;17868
3031;GM0165;2015JJ00;;;;;;;;
3039;GM0675;2015JJ00;;;;;;;;
3047;GM0801;2015JJ00;;;;;;;;
3055;GM0802;2015JJ00;;;;;;;;
3063;GM0800;2015JJ00;;;;;;;;
3071;GM0118;2015JJ00;12925;900;62;67;55;8801;;
3079;GM0018;2015JJ00;7299;667;35;22;71;4288;;
3087;GM0405;2015JJ00;5346;983;106;8;51;226;3241;
3095;GM0923;2015JJ00;;;;;;;;
3103;GM1507;2015JJ00;19192;727;16;20;24;13208;;
3111;GM0321;2015JJ00;5899;614;23;28;42;3886;;
3119;GM0803;2015JJ00;;;;;;;;
3127;GM0255;2015JJ00;;;;;;;;
3135;GM0406;2015JJ00;2332;660;14;7;26;109;;
3143;GM0677;2015JJ00;25182;666;54;19;24;15416;;4743
3151;GM0256;2015JJ00;;;;;;;;
3159;GM0925;2015JJ00;;;;;;;;
3167;GM0195;2015JJ00;;;;;;;;
3175;GM0191;2015JJ00;;;;;;;;
3183;GM0353;2015JJ00;2168;406;13;10;15;1349;;
3191;GM0645;2015JJ00;;;;;;;;
3199;GM1884;2015JJ00;7224;375;8;12;2;5440;;
3207;GM0166;2015JJ00;16179;669;20;17;37;11521;;
3215;GM0678;2015JJ00;4963;245;3;12;5;2798;;1152
3223;GM0537;2015JJ00;3115;558;25;39;43;664;;484
3231;GM0928;2015JJ00;2215;762;29;37;35;398;;
3239;GM0257;2015JJ00;;;;;;;;
3247;GM0929;2015JJ00;;;;;;;;
3255;GM0258;2015JJ00;;;;;;;;
3263;GM0804;2015JJ00;;;;;;;;
3271;GM1598;2015JJ00;8408;373;9;4;6;6940;79;
3279;GM0079;2015JJ00;11635;296;10;32;16;8568;;
3287;GM0588;2015JJ00;10047;157;0;0;1;6052;;
3295;GM0542;2015JJ00;895;386;13;31;11;42;;
3303;GM1931;2015JJ00;16131;689;22;22;11;12906;;
3311;GM1659;2015JJ00;5617;433;11;43;15;3854;;
3319;GM1685;2015JJ00;7071;273;2;75;11;4543;;
3327;GM0882;2015JJ00;2467;722;20;12;24;726;;
3335;GM0415;2015JJ00;2650;181;5;1;0;1510;;
3343;GM0416;2015JJ00;2703;531;26;2;3;1182;;
3351;GM1621;2015JJ00;5637;707;16;13;16;2943;;
3359;GM0417;2015JJ00;1241;372;15;15;35;48;;
3367;GM0022;2015JJ00;6428;401;26;4;33;5128;;
3375;GM0805;2015JJ00;;;;;;;;
3383;GM0545;2015JJ00;3442;245;10;9;10;2715;;
3391;GM0326;2015JJ00;;;;;;;;
3399;GM0080;2015JJ00;17023;1414;79;104;132;10324;;
3407;GM0081;2015JJ00;4146;208;6;0;8;3597;;
3415;GM0546;2015JJ00;2327;933;60;22;163;239;;
3423;GM0547;2015JJ00;1228;295;23;2;24;524;;
3431;GM0548;2015JJ00;;;;;;;;
3439;GM1916;2015JJ00;3562;773;50;4;83;1703;;
3447;GM0995;2015JJ00;76545;1266;72;198;138;10951;50966;
3455;GM0082;2015JJ00;;;;;;;;
3463;GM1640;2015JJ00;16491;808;12;63;75;11333;;
3471;GM0327;2015JJ00;5889;447;27;33;27;2847;;
3479;GM0260;2015JJ00;;;;;;;;
3487;GM1673;2015JJ00;;;;;;;;
3495;GM0261;2015JJ00;;;;;;;;
3503;GM0552;2015JJ00;;;;;;;;
3511;GM0807;2015JJ00;;;;;;;;
3519;GM0694;2015JJ00;;;;;;;;
3527;GM0418;2015JJ00;;;;;;;;
3535;GM0733;2015JJ00;5449;183;10;0;4;3976;;
3543;GM1705;2015JJ00;6914;729;32;10;10;4560;;
3551;GM0553;2015JJ00;1605;264;21;4;13;825;;
3559;GM0808;2015JJ00;;;;;;;;
3567;GM0140;2015JJ00;13264;232;2;0;5;12429;;
3575;GM0262;2015JJ00;21594;692;19;13;59;15910;;
3583;GM0329;2015JJ00;;;;;;;;
3591;GM0809;2015JJ00;5071;399;16;16;8;2248;;
3599;GM0330;2015JJ00;;;;;;;;
3607;GM0331;2015JJ00;7898;144;9;51;10;6959;;
3615;GM0024;2015JJ00;11199;261;1;0;7;10298;;
3623;GM0168;2015JJ00;9962;380;23;4;35;7116;;
3631;GM0810;2015JJ00;;;;;;;;
3639;GM0811;2015JJ00;;;;;;;;
3647;GM0332;2015JJ00;;;;;;;;
3655;GM0333;2015JJ00;;;;;;;;
3663;GM0334;2015JJ00;;;;;;;;
3671;GM0933;2015JJ00;;;;;;;;
3679;GM0934;2015JJ00;;;;;;;;
3687;GM1671;2015JJ00;;;;;;;;
3695;GM0263;2015JJ00;7546;418;0;10;7;5351;;
3703;GM1641;2015JJ00;5812;582;7;108;42;2382;;
3711;GM0555;2015JJ00;;;;;;;;
3719;GM0556;2015JJ00;1012;279;17;0;16;195;;
3727;GM0935;2015JJ00;6013;1448;84;78;167;1799;;
3735;GM1665;2015JJ00;;;;;;;;
3743;GM0812;2015JJ00;;;;;;;;
3751;GM0936;2015JJ00;;;;;;;;
3759;GM0686;2015JJ00;;;;;;;;
3767;GM0169;2015JJ00;;;;;;;;
3775;GM1663;2015JJ00;24033;293;3;117;9;12126;;5482
3783;GM0025;2015JJ00;6489;224;8;4;7;5661;;
3791;GM0264;2015JJ00;;;;;;;;
3799;GM0420;2015JJ00;25756;755;17;81;19;9922;13110;
3807;GM0993;2015JJ00;;;;;;;;
3815;GM0938;2015JJ00;2770;408;4;4;5;1656;;
3823;GM0941;2015JJ00;;;;;;;;
3831;GM0083;2015JJ00;;;;;;;;
3839;GM1908;2015JJ00;7003;307;2;1;3;6058;;
3847;GM1987;2015JJ00;8162;315;1;13;2;6775;;
3855;GM0119;2015JJ00;5703;498;29;13;51;3951;;
3863;GM0687;2015JJ00;5304;710;67;15;33;2864;;
3871;GM0559;2015JJ00;;;;;;;;
3879;GM1842;2015JJ00;4938;210;0;35;6;3781;;
3887;GM1731;2015JJ00;34587;756;21;55;80;25149;;
3895;GM0688;2015JJ00;;;;;;;;
3903;GM1697;2015JJ00;;;;;;;;
3911;GM0814;2015JJ00;;;;;;;;
3919;GM0815;2015JJ00;5317;228;9;7;10;3832;;
3927;GM0265;2015JJ00;;;;;;;;
3935;GM1709;2015JJ00;18403;630;22;100;11;11595;;
3943;GM0816;2015JJ00;;;;;;;;
3951;GM1927;2015JJ00;12648;379;2;12;4;10492;;
3959;GM0562;2015JJ00;;;;;;;;
3967;GM1955;2015JJ00;10664;594;22;12;20;7384;;
3975;GM0335;2015JJ00;3820;182;3;3;2;3285;;
3983;GM0944;2015JJ00;1881;200;4;2;11;710;;
3991;GM0563;2015JJ00;;;;;;;;
3999;GM0424;2015JJ00;3649;98;8;0;10;801;2106;
4007;GM0565;2015JJ00;;;;;;;;
4015;GM0425;2015JJ00;3290;311;6;4;7;655;5;
4023;GM1740;2015JJ00;6746;311;21;21;10;4771;;
4031;GM0426;2015JJ00;;;;;;;;
4039;GM0643;2015JJ00;;;;;;;;
4047;GM0946;2015JJ00;10178;298;11;15;13;7333;;
4055;GM0266;2015JJ00;;;;;;;;
4063;GM0304;2015JJ00;7290;213;0;10;9;5674;;
4071;GM0412;2015JJ00;;;;;;;;
4079;GM0356;2015JJ00;2565;714;41;52;47;332;;
4087;GM0567;2015JJ00;;;;;;;;
4095;GM0817;2015JJ00;;;;;;;;
4103;GM0569;2015JJ00;9116;391;14;11;39;6135;;
4111;GM0571;2015JJ00;;;;;;;;
4119;GM0170;2015JJ00;;;;;;;;
4127;GM0818;2015JJ00;;;;;;;;
4135;GM0104;2015JJ00;;;;;;;;
4143;GM0121;2015JJ00;;;;;;;;
4151;GM0267;2015JJ00;7204;613;36;26;13;4933;;
4159;GM0268;2015JJ00;5760;2007;86;75;276;766;;
4167;GM1930;2015JJ00;9873;959;54;45;41;5504;;
4175;GM1695;2015JJ00;12151;158;17;3;0;7006;;2840
4183;GM1699;2015JJ00;20532;716;29;114;24;13047;;
4191;GM0529;2015JJ00;;;;;;;;
4199;GM0171;2015JJ00;59542;778;29;117;60;40239;10670;
4207;GM0575;2015JJ00;5152;320;23;7;65;813;;1557
4215;GM0576;2015JJ00;2342;174;13;0;55;1462;;
4223;GM0577;2015JJ00;;;;;;;;
4231;GM0120;2015JJ00;;;;;;;;
4239;GM0820;2015JJ00;3394;465;39;8;4;1913;;
4247;GM0302;2015JJ00;12953;446;24;6;28;3027;;
4255;GM0951;2015JJ00;3313;329;3;0;5;2557;;
4263;GM0429;2015JJ00;;;;;;;;
4271;GM0122;2015JJ00;;;;;;;;
4279;GM0579;2015JJ00;797;290;11;2;45;131;;
4287;GM0823;2015JJ00;10284;287;16;232;17;5804;;
4295;GM0824;2015JJ00;6513;467;19;21;29;3625;;
4303;GM1895;2015JJ00;29596;972;29;22;74;18009;;5543
4311;GM0269;2015JJ00;9884;398;11;73;7;5758;;
4319;GM0173;2015JJ00;2195;550;19;7;19;707;;
4327;GM0174;2015JJ00;;;;;;;;
4335;GM1773;2015JJ00;11837;269;13;4;24;9608;;
4343;GM0175;2015JJ00;18201;294;16;13;13;11332;;
4351;GM0881;2015JJ00;2124;187;2;0;2;1375;;
4359;GM1586;2015JJ00;11012;501;24;8;32;9012;;
4367;GM0825;2015JJ00;;;;;;;;
4375;GM0692;2015JJ00;;;;;;;;
4383;GM0123;2015JJ00;;;;;;;;
4391;GM0826;2015JJ00;7309;812;34;29;80;3320;;
4399;GM0580;2015JJ00;;;;;;;;
4407;GM0085;2015JJ00;22611;581;28;9;28;16286;;
4415;GM0431;2015JJ00;1608;139;2;9;0;522;;
4423;GM0176;2015JJ00;;;;;;;;
4431;GM0432;2015JJ00;4194;202;11;1;2;3661;;
4439;GM0086;2015JJ00;22764;579;22;6;45;17745;;
4447;GM0828;2015JJ00;17093;1495;45;48;55;11665;;
4455;GM0829;2015JJ00;;;;;;;;
4463;GM0831;2015JJ00;;;;;;;;
4471;GM0584;2015JJ00;1961;326;22;8;12;1202;;
4479;GM1509;2015JJ00;13795;712;33;19;30;11209;;
4487;GM0830;2015JJ00;;;;;;;;
4495;GM0437;2015JJ00;2578;162;8;3;7;1598;;
4503;GM0644;2015JJ00;;;;;;;;
4511;GM0589;2015JJ00;4010;114;3;3;1;3582;;
4519;GM1734;2015JJ00;11508;762;26;14;30;8628;;
4527;GM0590;2015JJ00;1079;392;12;7;11;136;;
4535;GM1894;2015JJ00;16135;791;21;15;27;11221;;
4543;GM0124;2015JJ00;;;;;;;;
4551;GM0765;2015JJ00;5020;330;9;6;6;4013;;
4559;GM0594;2015JJ00;;;;;;;;
4567;GM1926;2015JJ00;3862;578;20;8;35;2220;;
4575;GM0832;2015JJ00;;;;;;;;
4583;GM0439;2015JJ00;2456;878;50;7;55;253;;
4591;GM0833;2015JJ00;;;;;;;;
4599;GM0273;2015JJ00;8750;366;15;3;10;4707;;
4607;GM0177;2015JJ00;17229;592;23;11;43;13947;;
4615;GM0834;2015JJ00;;;;;;;;
4623;GM0835;2015JJ00;;;;;;;;
4631;GM0595;2015JJ00;;;;;;;;
4639;GM1661;2015JJ00;;;;;;;;
4647;GM0703;2015JJ00;24242;362;10;37;6;7556;;12951
4655;GM0274;2015JJ00;4723;651;28;19;96;1535;;
4663;GM0339;2015JJ00;1851;66;0;0;0;1513;;
4671;GM0836;2015JJ00;;;;;;;;
4679;GM1667;2015JJ00;7866;240;11;0;1;4831;;
4687;GM0275;2015JJ00;8435;794;26;1;52;2500;;
4695;GM0340;2015JJ00;4376;304;5;16;11;2197;;
4703;GM0597;2015JJ00;2526;575;15;7;16;919;;
4711;GM0837;2015JJ00;;;;;;;;
4719;GM0602;2015JJ00;;;;;;;;
4727;GM0196;2015JJ00;4811;197;1;0;0;3037;;
4735;GM1672;2015JJ00;;;;;;;;
4743;GM0841;2015JJ00;;;;;;;;
4751;GM0178;2015JJ00;;;;;;;;
4759;GM1742;2015JJ00;9438;580;32;17;21;5347;;
4767;GM0603;2015JJ00;1449;424;32;28;40;104;;
4775;GM0125;2015JJ00;;;;;;;;
4783;GM1669;2015JJ00;8879;503;13;2;31;4962;;
4791;GM0957;2015JJ00;7105;928;76;17;57;2788;;
4799;GM1670;2015JJ00;;;;;;;;
4807;GM0126;2015JJ00;;;;;;;;
4815;GM0736;2015JJ00;11698;586;23;41;10;8157;;
4823;GM1674;2015JJ00;10716;1194;69;58;68;7116;;
4831;GM0838;2015JJ00;;;;;;;;
4839;GM0276;2015JJ00;;;;;;;;
4847;GM0599;2015JJ00;32416;4651;399;292;346;2236;;2985
4855;GM0600;2015JJ00;;;;;;;;
4863;GM0277;2015JJ00;2792;63;0;0;2;51;;
4871;GM0840;2015JJ00;6448;459;7;51;4;4217;;
4879;GM0127;2015JJ00;;;;;;;;
4887;GM0128;2015JJ00;;;;;;;;
4895;GM0278;2015JJ00;;;;;;;;
4903;GM0704;2015JJ00;;;;;;;;
4911;GM0604;2015JJ00;;;;;;;;
4919;GM0441;2015JJ00;18728;774;47;103;32;13204;;1519
4927;GM0039;2015JJ00;;;;;;;;
4935;GM0458;2015JJ00;;;;;;;;
4943;GM0279;2015JJ00;1381;149;0;0;6;934;;
4951;GM0606;2015JJ00;1986;558;33;2;30;279;;
4959;GM0088;2015JJ00;19907;38;2;3;0;306;;15815
4967;GM0844;2015JJ00;4166;371;15;23;21;2775;;
4975;GM0962;2015JJ00;2412;286;2;15;5;1676;;
4983;GM0607;2015JJ00;;;;;;;;
4991;GM0129;2015JJ00;;;;;;;;
4999;GM0608;2015JJ00;;;;;;;;
5007;GM0444;2015JJ00;;;;;;;;
5015;GM1676;2015JJ00;48821;821;39;30;28;15397;;18645
5023;GM0964;2015JJ00;;;;;;;;
5031;GM0965;2015JJ00;1603;220;0;4;6;1192;;
5039;GM1702;2015JJ00;9976;225;7;31;26;7762;;
5047;GM0845;2015JJ00;5934;517;3;0;45;4386;;
5055;GM0846;2015JJ00;6494;262;15;5;13;5071;;
5063;GM0968;2015JJ00;;;;;;;;
5071;GM1883;2015JJ00;8058;1746;74;30;120;3206;;
5079;GM0051;2015JJ00;;;;;;;;
5087;GM0130;2015JJ00;;;;;;;;
5095;GM0610;2015JJ00;1401;268;24;3;29;646;;
5103;GM0040;2015JJ00;15887;401;1;10;10;12455;;
5111;GM1714;2015JJ00;30716;569;42;18;18;24416;;2382
5119;GM1698;2015JJ00;;;;;;;;
5127;GM0090;2015JJ00;12617;1030;54;15;68;8790;;
5135;GM0131;2015JJ00;;;;;;;;
5143;GM0091;2015JJ00;;;;;;;;
5151;GM0342;2015JJ00;4643;739;30;164;37;1274;;
5159;GM0847;2015JJ00;8150;321;13;7;13;5436;;
5167;GM0848;2015JJ00;2651;394;25;5;6;1179;;
5175;GM0612;2015JJ00;;;;;;;;
5183;GM0849;2015JJ00;;;;;;;;
5191;GM0179;2015JJ00;;;;;;;;
5199;GM0037;2015JJ00;11994;860;36;4;18;9290;;
5207;GM0850;2015JJ00;;;;;;;;
5215;GM0180;2015JJ00;13569;279;13;19;5;11165;;
5223;GM0532;2015JJ00;1637;378;14;0;7;712;80;
5231;GM0851;2015JJ00;15914;373;10;25;5;12442;;
5239;GM0280;2015JJ00;;;;;;;;
5247;GM0181;2015JJ00;;;;;;;;
5255;GM1708;2015JJ00;32159;767;39;83;19;19000;;
5263;GM0971;2015JJ00;2280;558;7;15;2;951;;
5271;GM1904;2015JJ00;10682;788;38;23;68;7121;;
5279;GM0973;2015JJ00;;;;;;;;
5287;GM0617;2015JJ00;5770;125;3;4;5;4312;;
5295;GM1900;2015JJ00;83872;1515;89;30;77;39338;32643;645
5303;GM0974;2015JJ00;;;;;;;;
5311;GM0975;2015JJ00;;;;;;;;
5319;GM0976;2015JJ00;;;;;;;;
5327;GM0853;2015JJ00;;;;;;;;
5335;GM0715;2015JJ00;31776;1105;37;68;37;19653;;5674
5343;GM0093;2015JJ00;67399;93;11;5;4;1368;;58807
5351;GM0854;2015JJ00;;;;;;;;
5359;GM0448;2015JJ00;46316;242;20;43;10;10002;;29850
5367;GM1525;2015JJ00;3349;423;23;12;26;1758;;
5375;GM0716;2015JJ00;25400;378;10;12;9;11965;;9172
5383;GM0977;2015JJ00;;;;;;;;
5391;GM0281;2015JJ00;3551;549;49;21;46;1764;;
5399;GM0855;2015JJ00;11915;2508;126;97;255;3842;;
5407;GM0183;2015JJ00;14744;296;16;4;5;12585;;
5415;GM1700;2015JJ00;10814;693;15;8;10;7938;;
5423;GM1730;2015JJ00;14770;796;18;65;87;10861;;
5431;GM0737;2015JJ00;16141;696;21;55;50;12086;;
5439;GM0282;2015JJ00;;;;;;;;
5447;GM0856;2015JJ00;6753;677;59;4;30;4114;;
5455;GM0857;2015JJ00;;;;;;;;
5463;GM0450;2015JJ00;2229;177;2;9;1;1475;;
5471;GM0451;2015JJ00;1942;375;16;8;4;989;;
5479;GM0184;2015JJ00;10991;217;8;3;10;408;9810;
5487;GM0344;2015JJ00;9921;2532;202;145;308;2399;;
5495;GM1581;2015JJ00;13409;918;28;45;133;4897;;
5503;GM0981;2015JJ00;2390;150;18;1;8;1462;;
5511;GM0283;2015JJ00;;;;;;;;
5519;GM0619;2015JJ00;;;;;;;;
5527;GM0994;2015JJ00;3692;303;20;1;40;2470;;
5535;GM0720;2015JJ00;;;;;;;;
5543;GM0858;2015JJ00;5650;578;22;17;15;2475;;
5551;GM0047;2015JJ00;7868;630;26;40;22;5696;;
5559;GM0345;2015JJ00;1972;752;45;10;39;400;;
5567;GM0717;2015JJ00;20662;499;18;13;26;9457;;6458
5575;GM0860;2015JJ00;7892;620;22;17;30;5480;;
5583;GM0861;2015JJ00;3193;761;37;0;44;1219;;
5591;GM0453;2015JJ00;6317;710;40;75;30;327;;1371
5599;GM0454;2015JJ00;;;;;;;;
5607;GM0983;2015JJ00;12899;1521;92;58;181;4891;;
5615;GM0984;2015JJ00;16500;740;23;269;86;10913;;
5623;GM0862;2015JJ00;;;;;;;;
5631;GM0620;2015JJ00;4239;245;13;13;3;2658;;
5639;GM0863;2015JJ00;;;;;;;;
5647;GM0622;2015JJ00;2669;637;44;13;35;402;;
5655;GM0048;2015JJ00;17056;438;14;19;71;13946;;
5663;GM0132;2015JJ00;;;;;;;;
5671;GM0347;2015JJ00;;;;;;;;
5679;GM0096;2015JJ00;31580;25;3;3;0;4;;27596
5687;GM0864;2015JJ00;;;;;;;;
5695;GM0718;2015JJ00;34484;627;29;38;23;1226;;30942
5703;GM0623;2015JJ00;;;;;;;;
5711;GM0986;2015JJ00;3152;258;2;2;7;2525;;
5719;GM0624;2015JJ00;;;;;;;;
5727;GM0625;2015JJ00;;;;;;;;
5735;GM0626;2015JJ00;1156;344;14;1;15;443;;
5743;GM0285;2015JJ00;12647;428;20;52;51;9940;;
5751;GM0286;2015JJ00;;;;;;;;
5759;GM0133;2015JJ00;;;;;;;;
5767;GM0186;2015JJ00;;;;;;;;
5775;GM0865;2015JJ00;3444;448;12;69;131;1589;;
5783;GM0866;2015JJ00;2266;404;6;1;4;860;;
5791;GM0867;2015JJ00;6765;824;46;20;30;4229;;
5799;GM0627;2015JJ00;2940;307;14;9;7;1824;;
5807;GM0289;2015JJ00;3236;494;25;10;106;1515;;
5815;GM0628;2015JJ00;;;;;;;;
5823;GM0291;2015JJ00;;;;;;;;
5831;GM0869;2015JJ00;;;;;;;;
5839;GM0629;2015JJ00;6240;597;26;26;23;1206;;950
5847;GM0630;2015JJ00;;;;;;;;
5855;GM0852;2015JJ00;11566;225;11;6;4;4519;5964;
5863;GM0188;2015JJ00;;;;;;;;
5871;GM0988;2015JJ00;10554;848;46;83;34;5744;;
5879;GM0457;2015JJ00;2183;176;2;12;2;1503;;
5887;GM0292;2015JJ00;;;;;;;;
5895;GM0870;2015JJ00;12176;450;11;34;17;7408;;
5903;GM0459;2015JJ00;;;;;;;;
5911;GM0668;2015JJ00;8521;357;10;3;14;6296;;
5919;GM0134;2015JJ00;;;;;;;;
5927;GM0871;2015JJ00;;;;;;;;
5935;GM0558;2015JJ00;;;;;;;;
5943;GM0725;2015JJ00;;;;;;;;
5951;GM1701;2015JJ00;28274;406;24;25;44;15495;;
5959;GM0293;2015JJ00;784;243;3;0;2;287;;
5967;GM0726;2015JJ00;;;;;;;;
5975;GM1783;2015JJ00;9074;1047;69;15;54;4821;;735
5983;GM0098;2015JJ00;22845;460;42;14;13;18234;;
5991;GM0614;2015JJ00;9748;267;6;6;4;2905;;3906
5999;GM0189;2015JJ00;9539;392;18;4;6;7232;;
6007;GM0462;2015JJ00;;;;;;;;
6015;GM0463;2015JJ00;;;;;;;;
6023;GM0296;2015JJ00;6956;658;19;24;24;4368;;
6031;GM1696;2015JJ00;7636;345;13;35;11;2685;;
6039;GM0190;2015JJ00;;;;;;;;
6047;GM0135;2015JJ00;;;;;;;;
6055;GM0352;2015JJ00;5025;299;11;7;2;3673;;
6063;GM0872;2015JJ00;;;;;;;;
6071;GM0052;2015JJ00;;;;;;;;
6079;GM0053;2015JJ00;10253;294;10;7;13;9366;;
6087;GM0294;2015JJ00;13882;430;36;24;32;10401;;
6095;GM0295;2015JJ00;;;;;;;;
6103;GM0990;2015JJ00;;;;;;;;
6111;GM0873;2015JJ00;9197;457;12;135;8;4246;;
6119;GM0632;2015JJ00;9292;612;27;11;42;7192;;
6127;GM0466;2015JJ00;;;;;;;;
6135;GM1690;2015JJ00;22635;477;7;3;13;18516;;
6143;GM0880;2015JJ00;4518;212;4;14;1;3239;;
6151;GM0351;2015JJ00;3682;169;9;5;2;2288;;
6159;GM0874;2015JJ00;5170;263;9;7;9;4047;;
6167;GM0875;2015JJ00;;;;;;;;
6175;GM0710;2015JJ00;;;;;;;;
6183;GM0683;2015JJ00;;;;;;;;
6191;GM0479;2015JJ00;8324;1507;120;19;87;3597;;
6199;GM0297;2015JJ00;8904;431;13;16;24;5958;;
6207;GM0473;2015JJ00;4397;211;14;2;18;10;;1023
6215;GM0707;2015JJ00;7650;176;6;4;0;6469;;
6223;GM0478;2015JJ00;5521;94;0;2;0;3446;1493;
6231;GM0050;2015JJ00;26886;301;10;36;24;17239;;
6239;GM0355;2015JJ00;4865;1036;44;20;234;599;;
6247;GM0298;2015JJ00;;;;;;;;
6255;GM0299;2015JJ00;5800;510;44;14;21;3805;;
6263;GM0878;2015JJ00;;;;;;;;
6271;GM1666;2015JJ00;;;;;;;;
6279;GM0732;2015JJ00;;;;;;;;
6287;GM0476;2015JJ00;;;;;;;;
6295;GM0637;2015JJ00;3705;1219;90;13;53;700;;
6303;GM0638;2015JJ00;2196;100;6;3;19;1753;;
6311;GM0056;2015JJ00;12837;422;10;6;11;11395;;
6319;GM0136;2015JJ00;;;;;;;;
6327;GM1892;2015JJ00;6405;495;24;7;7;4134;;
6335;GM0137;2015JJ00;;;;;;;;
6343;GM0879;2015JJ00;12121;290;30;0;20;9561;;
6351;GM0301;2015JJ00;4293;645;21;37;82;1959;;
6359;GM1896;2015JJ00;8786;300;11;12;14;6773;;
6367;GM0192;2015JJ00;;;;;;;;
6375;GM0138;2015JJ00;;;;;;;;
6383;GM0642;2015JJ00;2277;528;20;13;20;546;;
6391;GM0193;2015JJ00;11936;1486;103;77;185;6521;;
